test,scene,variant,run,ms_per_iter
sort,cornell,off,1,1.193
sort,cornell,off,2,1.220
sort,cornell,off,3,1.197
sort,cornell,on,1,4.736
sort,cornell,on,2,5.246
sort,cornell,on,3,4.673
sort,cover,off,1,23.280
sort,cover,off,2,23.288
sort,cover,off,3,23.410
sort,cover,on,1,32.823
sort,cover,on,2,30.727
sort,cover,on,3,30.922
rr,open16,off,1,1.806
rr,open16,off,2,1.775
rr,open16,off,3,1.769
rr,open16,on,1,1.638
rr,open16,on,2,1.599
rr,open16,on,3,1.637
rr,closed,off,1,3.259
rr,closed,off,2,3.281
rr,closed,off,3,3.297
rr,closed,on,1,2.275
rr,closed,on,2,2.251
rr,closed,on,3,2.264
dl,cornell,off,1,1.164
dl,cornell,off,2,1.181
dl,cornell,off,3,1.166
dl,cornell,on,1,1.544
dl,cornell,on,2,1.570
dl,cornell,on,3,1.532
mb,moving,off,1,1.191
mb,moving,off,2,1.160
mb,moving,off,3,1.165
mb,moving,on,1,1.156
mb,moving,on,2,1.156
mb,moving,on,3,1.156
halton,cornell,off,1,1.181
halton,cornell,off,2,1.173
halton,cornell,off,3,1.198
halton,cornell,on,1,1.166
halton,cornell,on,2,1.192
halton,cornell,on,3,1.201
fog,fog,off,1,1.448
fog,fog,off,2,1.495
fog,fog,off,3,1.529
fog,fog,on,1,1.372
fog,fog,on,2,1.371
fog,fog,on,3,1.405
mesh,bunny,naive,1,15.903
mesh,bunny,naive,2,15.925
mesh,bunny,naive,3,15.982
mesh,bunny,culling,1,14.364
mesh,bunny,culling,2,14.333
mesh,bunny,culling,3,14.373
mesh,bunny,bvh,1,1.873
mesh,bunny,bvh,2,1.879
mesh,bunny,bvh,3,1.881
mesh,bunny-hires,naive,1,207.855
mesh,bunny-hires,naive,2,207.792
mesh,bunny-hires,naive,3,207.959
mesh,bunny-hires,culling,1,185.910
mesh,bunny-hires,culling,2,185.826
mesh,bunny-hires,culling,3,185.648
mesh,bunny-hires,bvh,1,2.410
mesh,bunny-hires,bvh,2,2.435
mesh,bunny-hires,bvh,3,2.470
bvhdepth,bunny-hires,0,1,212.511
bvhdepth,bunny-hires,0,2,212.497
bvhdepth,bunny-hires,0,3,212.251
bvhdepth,bunny-hires,4,1,158.759
bvhdepth,bunny-hires,4,2,158.742
bvhdepth,bunny-hires,4,3,158.766
bvhdepth,bunny-hires,8,1,23.493
bvhdepth,bunny-hires,8,2,23.440
bvhdepth,bunny-hires,8,3,23.380
bvhdepth,bunny-hires,12,1,3.952
bvhdepth,bunny-hires,12,2,4.067
bvhdepth,bunny-hires,12,3,4.133
bvhdepth,bunny-hires,16,1,2.512
bvhdepth,bunny-hires,16,2,2.556
bvhdepth,bunny-hires,16,3,2.742
bvhdepth,bunny-hires,20,1,2.526
bvhdepth,bunny-hires,20,2,2.557
bvhdepth,bunny-hires,20,3,2.459
bvhdepth,bunny-hires,24,1,2.587
bvhdepth,bunny-hires,24,2,2.440
bvhdepth,bunny-hires,24,3,2.424
bvhdepth,bunny-hires,32,1,2.424
bvhdepth,bunny-hires,32,2,2.410
bvhdepth,bunny-hires,32,3,2.450
